"Epic","Feature","Story","FAILED","BROKEN","PASSED","SKIPPED","UNKNOWN"
"","Checkout","TC-15: Place Order - Register before Checkout","0","0","2","0","0"
"","Cart","TC-22: Add to Cart from Recommended Items","0","0","3","0","0"
"","Checkout","TC-14: Place Order - Register while Checkout","0","0","2","0","0"
"","Cart","TC-13: Verify Product Quantity in Cart","0","0","3","0","0"
"","Cart","TC-20: Search Products and Verify Cart After Login","0","0","3","0","0"
"","Cart","TC-17: Remove Products From Cart","0","0","3","0","0"
"","Checkout","TC-16: Place Order - Login before Checkout","0","0","2","0","0"
"","Checkout","TC-23: Verify Address Details in Checkout Page","0","0","1","0","0"
"","Cart","TC-12: Add Products in Cart","0","0","3","0","0"
