"Status","Start Time","Stop Time","Duration in ms","Parent Suite","Suite","Sub Suite","Test Class","Test Method","Name","Description"
"passed","Tue Sep 29 14:08:49 UTC 2026","Tue Sep 29 14:09:02 UTC 2026","13053","specs","test_checkout","TestCheckout","","","test_register_before_checkout[webkit]",""
"passed","Tue Sep 29 14:09:03 UTC 2026","Tue Sep 29 14:09:15 UTC 2026","12230","specs","test_checkout","TestCheckout","","","test_login_before_checkout[webkit]",""
"passed","Tue Sep 29 14:09:09 UTC 2026","Tue Sep 29 14:09:10 UTC 2026","384","specs","test_login_signup","TestLoginSignup","","","test_login_user_negative[firefox]",""
"passed","Tue Sep 29 14:08:58 UTC 2026","Tue Sep 29 14:08:59 UTC 2026","1007","specs","test_contactus","TestContactUs","","","test_contactus_form[firefox]",""
"passed","Tue Sep 29 14:09:45 UTC 2026","Tue Sep 29 14:09:46 UTC 2026","1091","specs","test_products","TestProducts","","","test_view_category_products[webkit]",""
"passed","Tue Sep 29 14:08:17 UTC 2026","Tue Sep 29 14:08:25 UTC 2026","7593","specs","test_checkout","TestCheckout","","","test_login_before_checkout[chromium]",""
"passed","Tue Sep 29 14:08:35 UTC 2026","Tue Sep 29 14:08:37 UTC 2026","2228","specs","test_login_signup","TestLoginSignup","","","test_register_user[chromium]",""
"passed","Tue Sep 29 14:08:32 UTC 2026","Tue Sep 29 14:08:47 UTC 2026","15610","specs","test_checkout","TestCheckout","","","test_register_while_checkout[webkit]",""
"passed","Tue Sep 29 14:09:17 UTC 2026","Tue Sep 29 14:09:18 UTC 2026","495","specs","test_login_signup","TestLoginSignup","","","test_register_with_exist_email[firefox]",""
"passed","Tue Sep 29 14:09:25 UTC 2026","Tue Sep 29 14:09:28 UTC 2026","3260","specs","test_login_signup","TestLoginSignup","","","test_register_user[webkit]",""
"passed","Tue Sep 29 14:07:30 UTC 2026","Tue Sep 29 14:07:34 UTC 2026","3928","specs","test_cart","TestCart","","","test_remove_product_from_cart[chromium]",""
"passed","Tue Sep 29 14:08:05 UTC 2026","Tue Sep 29 14:08:27 UTC 2026","22178","specs","test_cart","TestCart","","","test_search_products_and_verify_cart_after_login[webkit]",""
"passed","Tue Sep 29 14:09:54 UTC 2026","Tue Sep 29 14:09:56 UTC 2026","1339","specs","test_products","TestProducts","","","test_add_review_on_product[webkit]",""
"passed","Tue Sep 29 14:09:59 UTC 2026","Tue Sep 29 14:09:59 UTC 2026","765","specs","test_subscription","TestSubscription","","","test_subscription_on_cart_page[webkit]",""
"passed","Tue Sep 29 14:09:11 UTC 2026","Tue Sep 29 14:09:12 UTC 2026","604","specs","test_subscription","TestSubscription","","","test_subscription_on_cart_page[chromium]",""
"passed","Tue Sep 29 14:09:25 UTC 2026","Tue Sep 29 14:09:25 UTC 2026","715","specs","test_products","TestProducts","","","test_view_category_products[firefox]",""
"passed","Tue Sep 29 14:09:19 UTC 2026","Tue Sep 29 14:09:20 UTC 2026","848","specs","test_products","TestProducts","","","test_all_products_and_product_details[firefox]",""
"passed","Tue Sep 29 14:09:07 UTC 2026","Tue Sep 29 14:09:08 UTC 2026","1202","specs","test_login_signup","TestLoginSignup","","","test_login_user[firefox]",""
"passed","Tue Sep 29 14:09:40 UTC 2026","Tue Sep 29 14:09:41 UTC 2026","895","specs","test_products","TestProducts","","","test_all_products_and_product_details[webkit]",""
"passed","Tue Sep 29 14:08:00 UTC 2026","Tue Sep 29 14:08:23 UTC 2026","23640","specs","test_cart","TestCart","","","test_search_products_and_verify_cart_after_login[firefox]",""
"passed","Tue Sep 29 14:08:55 UTC 2026","Tue Sep 29 14:08:56 UTC 2026","788","specs","test_products","TestProducts","","","test_view_category_products[chromium]",""
"failed","Tue Sep 29 14:09:47 UTC 2026","Tue Sep 29 14:09:53 UTC 2026","5841","specs","test_products","TestProducts","","","test_view_brand_products[webkit]",""
"passed","Tue Sep 29 14:08:43 UTC 2026","Tue Sep 29 14:08:43 UTC 2026","290","specs","test_login_signup","TestLoginSignup","","","test_login_user_negative[chromium]",""
"passed","Tue Sep 29 14:08:37 UTC 2026","Tue Sep 29 14:08:47 UTC 2026","10254","specs","test_checkout","TestCheckout","","","test_register_before_checkout[firefox]",""
"passed","Tue Sep 29 14:08:09 UTC 2026","Tue Sep 29 14:08:16 UTC 2026","7138","specs","test_checkout","TestCheckout","","","test_register_before_checkout[chromium]",""
"passed","Tue Sep 29 14:08:47 UTC 2026","Tue Sep 29 14:08:48 UTC 2026","265","specs","test_login_signup","TestLoginSignup","","","test_register_with_exist_email[chromium]",""
"passed","Tue Sep 29 14:07:36 UTC 2026","Tue Sep 29 14:07:56 UTC 2026","19544","specs","test_cart","TestCart","","","test_search_products_and_verify_cart_after_login[chromium]",""
"passed","Tue Sep 29 14:09:30 UTC 2026","Tue Sep 29 14:09:32 UTC 2026","1793","specs","test_login_signup","TestLoginSignup","","","test_login_user[webkit]",""
"passed","Tue Sep 29 14:07:28 UTC 2026","Tue Sep 29 14:07:29 UTC 2026","660","specs","test_cart","TestCart","","","test_product_quantity_in_cart[chromium]",""
"passed","Tue Sep 29 14:07:51 UTC 2026","Tue Sep 29 14:07:52 UTC 2026","817","specs","test_cart","TestCart","","","test_product_quantity_in_cart[firefox]",""
"passed","Tue Sep 29 14:08:01 UTC 2026","Tue Sep 29 14:08:08 UTC 2026","7404","specs","test_checkout","TestCheckout","","","test_register_while_checkout[chromium]",""
"passed","Tue Sep 29 14:07:46 UTC 2026","Tue Sep 29 14:07:50 UTC 2026","3161","specs","test_cart","TestCart","","","test_add_products_to_cart[firefox]",""
"failed","Tue Sep 29 14:08:57 UTC 2026","Tue Sep 29 14:09:03 UTC 2026","6485","specs","test_products","TestProducts","","","test_view_brand_products[chromium]",""
"passed","Tue Sep 29 14:09:38 UTC 2026","Tue Sep 29 14:09:39 UTC 2026","440","specs","test_subscription","TestSubscription","","","test_subscription_on_cart_page[firefox]",""
"passed","Tue Sep 29 14:07:52 UTC 2026","Tue Sep 29 14:07:56 UTC 2026","3760","specs","test_cart","TestCart","","","test_remove_product_from_cart[firefox]",""
"passed","Tue Sep 29 14:08:44 UTC 2026","Tue Sep 29 14:08:46 UTC 2026","1488","specs","test_login_signup","TestLoginSignup","","","test_logout_user[chromium]",""
"failed","Tue Sep 29 14:09:17 UTC 2026","Tue Sep 29 14:09:23 UTC 2026","5520","specs","test_contactus","TestContactUs","","","test_contactus_form[webkit]",""
"passed","Tue Sep 29 14:08:25 UTC 2026","Tue Sep 29 14:08:26 UTC 2026","760","specs","test_cart","TestCart","","","test_add_recommended_product_to_cart[firefox]",""
"passed","Tue Sep 29 14:09:01 UTC 2026","Tue Sep 29 14:09:03 UTC 2026","2607","specs","test_login_signup","TestLoginSignup","","","test_register_user[firefox]",""
"passed","Tue Sep 29 14:09:39 UTC 2026","Tue Sep 29 14:09:39 UTC 2026","267","specs","test_login_signup","TestLoginSignup","","","test_register_with_exist_email[webkit]",""
"passed","Tue Sep 29 14:10:00 UTC 2026","Tue Sep 29 14:10:01 UTC 2026","219","specs","test_test_cases","TestTestCases","","","test_test_cases_page[webkit]",""
"passed","Tue Sep 29 14:07:50 UTC 2026","Tue Sep 29 14:07:54 UTC 2026","4454","specs","test_cart","TestCart","","","test_add_products_to_cart[webkit]",""
"passed","Tue Sep 29 14:08:49 UTC 2026","Tue Sep 29 14:08:50 UTC 2026","1303","specs","test_products","TestProducts","","","test_all_products_and_product_details[chromium]",""
"passed","Tue Sep 29 14:09:21 UTC 2026","Tue Sep 29 14:09:23 UTC 2026","1979","specs","test_products","TestProducts","","","test_search_product[firefox]",""
"passed","Tue Sep 29 14:07:58 UTC 2026","Tue Sep 29 14:08:03 UTC 2026","5057","specs","test_cart","TestCart","","","test_remove_product_from_cart[webkit]",""
"passed","Tue Sep 29 14:09:34 UTC 2026","Tue Sep 29 14:09:34 UTC 2026","458","specs","test_login_signup","TestLoginSignup","","","test_login_user_negative[webkit]",""
"passed","Tue Sep 29 14:08:38 UTC 2026","Tue Sep 29 14:08:40 UTC 2026","1729","specs","test_login_signup","TestLoginSignup","","","test_login_user[chromium]",""
"passed","Tue Sep 29 14:09:57 UTC 2026","Tue Sep 29 14:09:57 UTC 2026","103","specs","test_subscription","TestSubscription","","","test_subscription_on_home_page[webkit]",""
"passed","Tue Sep 29 14:07:25 UTC 2026","Tue Sep 29 14:07:28 UTC 2026","2827","specs","test_cart","TestCart","","","test_add_products_to_cart[chromium]",""
"passed","Tue Sep 29 14:09:13 UTC 2026","Tue Sep 29 14:09:15 UTC 2026","1834","specs","test_login_signup","TestLoginSignup","","","test_logout_user[firefox]",""
"passed","Tue Sep 29 14:09:28 UTC 2026","Tue Sep 29 14:09:30 UTC 2026","1410","specs","test_products","TestProducts","","","test_view_brand_products[firefox]",""
"passed","Tue Sep 29 14:09:12 UTC 2026","Tue Sep 29 14:09:13 UTC 2026","455","specs","test_test_cases","TestTestCases","","","test_test_cases_page[chromium]",""
"passed","Tue Sep 29 14:08:51 UTC 2026","Tue Sep 29 14:08:53 UTC 2026","1073","specs","test_products","TestProducts","","","test_search_product[chromium]",""
"passed","Tue Sep 29 14:07:57 UTC 2026","Tue Sep 29 14:07:59 UTC 2026","1845","specs","test_cart","TestCart","","","test_add_recommended_product_to_cart[chromium]",""
"passed","Tue Sep 29 14:09:10 UTC 2026","Tue Sep 29 14:09:10 UTC 2026","96","specs","test_subscription","TestSubscription","","","test_subscription_on_home_page[chromium]",""
"passed","Tue Sep 29 14:07:56 UTC 2026","Tue Sep 29 14:07:56 UTC 2026","934","specs","test_cart","TestCart","","","test_product_quantity_in_cart[webkit]",""
"passed","Tue Sep 29 14:09:05 UTC 2026","Tue Sep 29 14:09:06 UTC 2026","1121","specs","test_products","TestProducts","","","test_add_review_on_product[chromium]",""
"passed","Tue Sep 29 14:08:27 UTC 2026","Tue Sep 29 14:08:36 UTC 2026","8743","specs","test_checkout","TestCheckout","","","test_register_while_checkout[firefox]",""
"passed","Tue Sep 29 14:09:42 UTC 2026","Tue Sep 29 14:09:44 UTC 2026","1266","specs","test_products","TestProducts","","","test_search_product[webkit]",""
"passed","Tue Sep 29 14:09:34 UTC 2026","Tue Sep 29 14:09:34 UTC 2026","180","specs","test_subscription","TestSubscription","","","test_subscription_on_home_page[firefox]",""
"passed","Tue Sep 29 14:09:31 UTC 2026","Tue Sep 29 14:09:32 UTC 2026","1085","specs","test_products","TestProducts","","","test_add_review_on_product[firefox]",""
"passed","Tue Sep 29 14:09:40 UTC 2026","Tue Sep 29 14:09:40 UTC 2026","273","specs","test_test_cases","TestTestCases","","","test_test_cases_page[firefox]",""
"passed","Tue Sep 29 14:08:49 UTC 2026","Tue Sep 29 14:08:56 UTC 2026","7588","specs","test_checkout","TestCheckout","","","test_login_before_checkout[firefox]",""
"passed","Tue Sep 29 14:09:36 UTC 2026","Tue Sep 29 14:09:38 UTC 2026","1614","specs","test_login_signup","TestLoginSignup","","","test_logout_user[webkit]",""
"passed","Tue Sep 29 14:08:29 UTC 2026","Tue Sep 29 14:08:30 UTC 2026","1164","specs","test_cart","TestCart","","","test_add_recommended_product_to_cart[webkit]",""
"failed","Tue Sep 29 14:08:27 UTC 2026","Tue Sep 29 14:08:33 UTC 2026","6020","specs","test_contactus","TestContactUs","","","test_contactus_form[chromium]",""
